{"data": {"first_order_user_list": [5, 6, 15, 24, 29, 28, 27, 51, 92, 508, 443, 372, 454, 1482, 1590, 845, 954, 1946, 1762, 7460, 4607, 4494, 3259, 9017, 3710, 2581, 1963, 2559, 4012, 4423, 7055, 9047, 17606, 19588, 64797, 21750, 5895, 21422, 6926, 11921, 13652, 6911, 3183, 4446, 9262, 9514, 9206, 3721], "amount_new": [2130.94, 3652.94, 5134.62, 15124.36, 15553.69, 17393.3, 12997.44, 28629.33, 69994.27, 260998.56, 231770.51, 214379.71, 258790.48, 640424.58, 642297.72, 372870.28, 428518.91, 756697.87, 706381.3, 2748817.75, 1425531.43, 1316772.39, 973894.5, 1453567.88, 738721.31, 814834.74, 677521.49, 630188.55, 700060.09, 728471.67, 1432358.16, 695871.88, 1302196.62, 1351369.9, 7321255.49, 3814328.29, 1158587.74, 1690571.27, 1457082.09, 1653024.62, 2038692.18, 1319109.89, 809402.42, 1263885.69, 2426241.44, 2077843.78, 1965395.75, 821954.63], "active_user_list": [0, 0, 0, 0, 0, 0, 0, 0, 0, 0, 0, 0, 0, 0, 0, 0, 0, 0, 0, 0, 0, 0, 0, 0, 0, 0, 0, 0, 0, 0, 0, 0, 0, 203708, 690411, 630392, 494472, 372337, 335750, 351504, 230174, 0, 0, 0, 0, 0, 0, 0], "new_user_list": [0, 0, 0, 0, 0, 0, 0, 0, 0, 0, 0, 0, 0, 0, 0, 0, 0, 0, 0, 0, 0, 0, 0, 0, 0, 0, 0, 0, 0, 0, 0, 0, 0, 66152, 235481, 75138, 69630, 65909, 53226, 67174, 40556, 0, 0, 0, 0, 0, 0, 0], "new_payed_user_list": [4, 3, 12, 17, 19, 15, 16, 24, 82, 409, 344, 207, 316, 856, 1015, 512, 558, 1445, 1321, 5697, 2756, 2887, 1504, 6656, 2016, 1273, 1012, 1187, 1977, 2586, 4215, 7590, 14929, 14937, 57515, 13476, 3341, 18670, 4067, 8272, 8993, 3979, 1798, 2242, 4726, 5228, 4784, 1757], "amount_avg": [540.5061538461539, 685.2404761904761, 437.19821428571424, 607.0995238095238, 628.8294915254238, 748.9568518518519, 653.4966666666667, 726.7968181818181, 789.0361363636364, 514.7708122743683, 555.1625102040816, 630.0286301369863, 671.9585178571429, 464.8545355474831, 443.8756233988044, 494.4997116134061, 504.15895185862274, 520.6311471321696, 433.1777535624476, 410.9191848906561, 331.9407868207524, 314.6675623545062, 330.88647233018696, 203.1718628933535, 209.67639247005135, 311.2769672397016, 404.03209529169015, 333.03518538614577, 223.8079671017343, 227.43179625908178, 302.74675673273487, 131.75246547965116, 106.10526805385557, 113.3444194062648, 149.64201487633716, 215.6613530573269, 271.2836388653683, 120.88649046168644, 280.128415007657, 207.56754574936298, 235.9895038900677, 266.8136637498207, 330.41449860724236, 430.98373861470026, 395.6249589653023, 337.56060981548615, 364.35059451376713, 342.576142468733], "amount_old": [4895.639999999999, 10737.109999999999, 7106.929999999999, 10373.82, 21547.25, 23050.37, 28172.85, 51318.31999999999, 34158.5, 24184.47000000003, 40259.119999999995, 61572.82999999999, 117506.29000000001, 255350.11, 397258.99, 261572.84999999998, 398805.93, 495940.67000000004, 327180.81999999995, 1385029.25, 1274474.93, 575638.3300000001, 813885.1100000001, 1367879.7800000003, 1099092.27, 1104499.04, 1476373.61, 1211162.99, 551697.87, 742784.62, 1973845.5999999999, 754459.2599999999, 865003.48, 1279240.73, 4065603.99, 2848097.8899999997, 1404500.0799999998, 1325788.44, 1835547.3, 1931251.7599999998, 2632484.0600000005, 2400806.21, 1325736.0700000003, 2805462.77, 5190330.27, 4160613.8499999996, 5100819.68, 2328033.0], "active_payed_user_list": [13, 21, 28, 42, 59, 54, 63, 110, 132, 554, 490, 438, 560, 1927, 2342, 1283, 1641, 2406, 2386, 10060, 8134, 6014, 5403, 13887, 8765, 6166, 5331, 5529, 5593, 6469, 11251, 11008, 20425, 23209, 76094, 30893, 9448, 24952, 11754, 17268, 19794, 13942, 6462, 9442, 19252, 18481, 19394, 9195], "new_user_rate": [0, 0, 0, 0, 0, 0, 0, 0, 0, 0, 0, 0, 0, 0, 0, 0, 0, 0, 0, 0, 0, 0, 0, 0, 0, 0, 0, 0, 0, 0, 0, 0, 0, 0.22579816180916676, 0.24424475860048156, 0.1793499960073465, 0.04798219158408732, 0.2832693562335948, 0.07641002517566603, 0.12314288266293506, 0.22174277542163923, 0, 0, 0, 0, 0, 0, 0], "dates": ["2015-04-17", "2015-04-24", "2015-05-01", "2015-05-08", "2015-05-15", "2015-05-22", "2015-05-29", "2015-06-05", "2015-06-12", "2015-06-19", "2015-06-26", "2015-07-03", "2015-07-10", "2015-07-17", "2015-07-24", "2015-07-31", "2015-08-07", "2015-08-14", "2015-08-21", "2015-08-28", "2015-09-04", "2015-09-11", "2015-09-18", "2015-09-25", "2015-10-02", "2015-10-09", "2015-10-16", "2015-10-23", "2015-10-30", "2015-11-06", "2015-11-13", "2015-11-20", "2015-11-27", "2015-12-04", "2015-12-11", "2015-12-18", "2015-12-25", "2016-01-01", "2016-01-08", "2016-01-15", "2016-01-22", "2016-01-29", "2016-02-05", "2016-02-12", "2016-02-19", "2016-02-26", "2016-03-04", "2016-03-11"], "active_user_rate": [0, 0, 0, 0, 0, 0, 0, 0, 0, 0, 0, 0, 0, 0, 0, 0, 0, 0, 0, 0, 0, 0, 0, 0, 0, 0, 0, 0, 0, 0, 0, 0, 0, 0.11393268796512655, 0.11021550931256889, 0.04900601530476275, 0.019107249753272177, 0.06701455939108926, 0.03500819061801936, 0.04912604123992899, 0.08599581186406806, 0, 0, 0, 0, 0, 0, 0]}}